1,1,2024-03-15 08:30:00,1,true
2,3,2024-03-16 10:15:00,2,true
3,5,2024-03-17 14:45:00,1,true
4,7,2024-03-18 09:20:00,1,true
5,9,2024-03-19 11:30:00,1,true
6,11,2024-03-20 13:00:00,1,true
7,13,2024-03-21 15:45:00,2,true
8,15,2024-03-22 10:10:00,1,true
9,17,2024-03-23 12:30:00,1,true
10,19,2024-03-24 14:20:00,1,true
11,21,2024-03-25 09:45:00,1,true
12,23,2024-03-26 11:55:00,1,true
1,2,2024-03-27 13:40:00,1,true
2,4,2024-03-28 15:25:00,3,true
3,6,2024-03-29 10:05:00,1,true
4,8,2024-03-30 12:15:00,2,true
5,10,2024-03-31 14:00:00,1,true
6,12,2024-04-01 09:30:00,1,true
7,14,2024-04-02 11:20:00,1,true
8,16,2024-04-03 13:10:00,1,true
9,18,2024-04-04 15:00:00,2,true
10,20,2024-04-05 10:40:00,1,true
11,22,2024-04-06 12:25:00,1,true
12,24,2024-04-07 14:15:00,1,true
1,25,2024-04-08 09:50:00,1,true
2,26,2024-04-09 11:35:00,2,true
3,27,2024-04-10 13:20:00,1,true
4,28,2024-04-11 15:05:00,1,true
5,29,2024-04-12 10:30:00,1,true
6,30,2024-04-13 12:10:00,1,true
7,1,2024-04-14 14:00:00,1,true
8,3,2024-04-15 09:25:00,1,true
9,5,2024-04-16 11:15:00,1,true
10,7,2024-04-17 13:05:00,1,true
11,9,2024-04-18 14:50:00,1,true
12,11,2024-04-19 10:20:00,1,true
1,13,2024-04-20 12:00:00,2,true
2,15,2024-04-21 13:45:00,1,true
3,17,2024-04-22 15:30:00,1,true
4,19,2024-04-23 09:55:00,1,true
